<?xml version="1.0" encoding="utf-8"?>
<legalnotice id="legalnotice">
	<para>Tillstånd att kopiera, distribuera och/eller modifiera detta dokument ges under villkoren i GNU Free Documentation License (GFDL), version 1.1 eller senare, utgivet av Free Software Foundation utan standardavsnitt och omslagstexter.  En kopia av GFDL finns att hämta på denna <ulink type="help" url="help:fdl">länk</ulink> eller i filen COPYING-DOCS som medföljer denna handbok.</para>
         <para>Denna handbok utgör en av flera GNOME-handböcker som distribueras under villkoren i GFDL.  Om du vill distribuera denna handbok separat från övriga handböcker kan du göra detta genom att lägga till en kopia av licensavtalet i handboken enligt instruktionerna i avsnitt 6 i licensavtalet.</para>

	<para>Flera namn på produkter och tjänster är registrerade varumärken. I de fall dessa namn förekommer i GNOME-dokumentation - och medlemmarna i GNOME-dokumentationsprojektet är medvetna om dessa varumärken - är de skrivna med versaler eller med inledande versal.</para>

	<para>DOKUMENTET OCH MODIFIERADE VERSIONER AV DOKUMENTET TILLHANDAHÅLLS UNDER VILLKOREN I GNU FREE DOCUMENTATION LICENSE ENDAST UNDER FÖLJANDE FÖRUTSÄTTNINGAR: <orderedlist>
		<listitem>
		  <para>DOKUMENTET TILLHANDAHÅLLS I "BEFINTLIGT SKICK" UTAN NÅGRA SOM HELST GARANTIER, VARE SIG UTTRYCKLIGA ELLER UNDERFÖRSTÅDDA, INKLUSIVE, MEN INTE BEGRÄNSAT TILL, GARANTIER ATT DOKUMENTET ELLER EN MODIFIERAD VERSION AV DOKUMENTET INTE INNEHÅLLER NÅGRA FELAKTIGHETER, ÄR LÄMPLIGT FÖR ETT VISST ÄNDAMÅL ELLER INTE STRIDER MOT LAG. HELA RISKEN VAD GÄLLER KVALITET, EXAKTHET OCH UTFÖRANDE AV DOKUMENTET OCH MODIFIERADE VERSIONER AV DOKUMENTET LIGGER HELT OCH HÅLLET PÅ ANVÄNDAREN. OM ETT DOKUMENT ELLER EN MODIFIERAD VERSION AV ETT DOKUMENT SKULLE VISA SIG INNEHÅLLA FELAKTIGHETER I NÅGOT HÄNSEENDE ÄR DET DU (INTE DEN URSPRUNGLIGA SKRIBENTEN, FÖRFATTAREN ELLER NÅGON ANNAN MEDARBETARE) SOM FÅR STÅ FÖR ALLA EVENTUELLA KOSTNADER FÖR SERVICE, REPARATIONER ELLER KORRIGERINGAR. DENNA GARANTIFRISKRIVNING UTGÖR EN VÄSENTLIG DEL AV DETTA LICENSAVTAL. DETTA INNEBÄR ATT ALL ANVÄNDNING AV ETT DOKUMENT ELLER EN MODIFIERAD VERSION AV ETT DOKUMENT BEVILJAS ENDAST UNDER DENNA ANSVARSFRISKRIVNING;</para>
		</listitem>
		<listitem>
		  <para>UNDER INGA OMSTÄNDIGHETER ELLER INOM RAMEN FÖR NÅGON LAGSTIFTNING, OAVSETT OM DET GÄLLER KRÄNKNING (INKLUSIVE VÅRDSLÖSHET), KONTRAKT ELLER DYLIKT, SKA FÖRFATTAREN, DEN URSPRUNGLIGA SKRIBENTEN ELLER ANNAN MEDARBETARE ELLER ÅTERFÖRSÄLJARE AV DOKUMENTET ELLER AV EN MODIFIERAD VERSION AV DOKUMENTET ELLER NÅGON LEVERANTÖR TILL NÅGON AV NÄMNDA PARTER STÄLLAS ANSVARIG GENTEMOT NÅGON FÖR NÅGRA DIREKTA, INDIREKTA, SÄRSKILDA ELLER OFÖRUTSEDDA SKADOR ELLER FÖLJDSKADOR AV NÅGOT SLAG, INKLUSIVE, MEN INTE BEGRÄNSAT TILL, SKADOR BETRÄFFANDE FÖRLORAD GOODWILL, HINDER I ARBETET, DATORHAVERI ELLER NÅGRA ANDRA TÄNKBARA SKADOR ELLER FÖRLUSTER SOM KAN UPPKOMMA PÅ GRUND AV ELLER RELATERAT TILL ANVÄNDNINGEN AV DOKUMENTET ELLER MODIFIERADE VERSIONER AV DOKUMENTET, ÄVEN OM PART SKA HA BLIVIT INFORMERAD OM MÖJLIGHETEN TILL SÅDANA SKADOR.</para>
		</listitem>
	  </orderedlist></para>
  </legalnotice>
