<?xml version="1.0" encoding="utf-8"?>
<legalnotice id="legalnotice">
	<para>
	  Permission is granted to copy, distribute and/or modify this
	  document under the terms of the GNU Free Documentation
	  License (GFDL), Version 1.1 or any later version published
	  by the Free Software Foundation with no Invariant Sections,
	  no Front-Cover Texts, and no Back-Cover Texts.  You can find
	  a copy of the GFDL at this <ulink type="help" url="help:fdl">link</ulink> or in the file COPYING-DOCS
	  distributed with this manual.
         </para>
         <para>Aquest manual forma part d'una col·lecció de manuals del GNOME distribuïts sota la GFDL. Si voleu distribuir aquest manual independentment de la col·lecció, podeu fer-ho afegint una còpia de la llicència al manual, tal com es descriu a la secció 6 de la llicència.</para>

	<para>Molts dels noms que les empreses utilitzen per a distingir els seus productes i serveis es consideren marques comercials. Quan aquests noms apareguin en qualsevol documentació del GNOME, si els membres del Projecte de documentació del GNOME han estat avisats pel que fa a les marques, els noms apareixeran en majúscules o amb les inicials en majúscules.</para>

	<para>
	  DOCUMENT AND MODIFIED VERSIONS OF THE DOCUMENT ARE PROVIDED
	  UNDER  THE TERMS OF THE GNU FREE DOCUMENTATION LICENSE
	  WITH THE FURTHER UNDERSTANDING THAT:

	  <orderedlist>
		<listitem>
		  <para>DOCUMENT IS PROVIDED ON AN "AS IS" BASIS,
                    WITHOUT WARRANTY OF ANY KIND, EITHER EXPRESSED OR
                    IMPLIED, INCLUDING, WITHOUT LIMITATION, WARRANTIES
                    THAT THE DOCUMENT OR MODIFIED VERSION OF THE
                    DOCUMENT IS FREE OF DEFECTS MERCHANTABLE, FIT FOR
                    A PARTICULAR PURPOSE OR NON-INFRINGING. THE ENTIRE
                    RISK AS TO THE QUALITY, ACCURACY, AND PERFORMANCE
                    OF THE DOCUMENT OR MODIFIED VERSION OF THE
                    DOCUMENT IS WITH YOU. SHOULD ANY DOCUMENT OR
                    MODIFIED VERSION PROVE DEFECTIVE IN ANY RESPECT,
                    YOU (NOT THE INITIAL WRITER, AUTHOR OR ANY
                    CONTRIBUTOR) ASSUME THE COST OF ANY NECESSARY
                    SERVICING, REPAIR OR CORRECTION. THIS DISCLAIMER
                    OF WARRANTY CONSTITUTES AN ESSENTIAL PART OF THIS
                    LICENSE. NO USE OF ANY DOCUMENT OR MODIFIED
                    VERSION OF THE DOCUMENT IS AUTHORIZED HEREUNDER
                    EXCEPT UNDER THIS DISCLAIMER; AND
		  </para>
		</listitem>
		<listitem>
		  <para>UNDER NO CIRCUMSTANCES AND UNDER NO LEGAL
                       THEORY, WHETHER IN TORT (INCLUDING NEGLIGENCE),
                       CONTRACT, OR OTHERWISE, SHALL THE AUTHOR,
                       INITIAL WRITER, ANY CONTRIBUTOR, OR ANY
                       DISTRIBUTOR OF THE DOCUMENT OR MODIFIED VERSION
                       OF THE DOCUMENT, OR ANY SUPPLIER OF ANY OF SUCH
                       PARTIES, BE LIABLE TO ANY PERSON FOR ANY
                       DIRECT, INDIRECT, SPECIAL, INCIDENTAL, OR
                       CONSEQUENTIAL DAMAGES OF ANY CHARACTER
                       INCLUDING, WITHOUT LIMITATION, DAMAGES FOR LOSS
                       OF GOODWILL, WORK STOPPAGE, COMPUTER FAILURE OR
                       MALFUNCTION, OR ANY AND ALL OTHER DAMAGES OR
                       LOSSES ARISING OUT OF OR RELATING TO USE OF THE
                       DOCUMENT AND MODIFIED VERSIONS OF THE DOCUMENT,
                       EVEN IF SUCH PARTY SHALL HAVE BEEN INFORMED OF
                       THE POSSIBILITY OF SUCH DAMAGES.
		  </para>
		</listitem>
	  </orderedlist>
	</para>
  </legalnotice>
