<?xml version="1.0" encoding="utf-8"?>
<legalnotice id="legalnotice">
	<para>Udziela się zezwolenia na kopiowanie, rozpowszechnianie i/lub modyfikację tego dokumentu zgodnie z zasadami Licencji GNU Wolnej Dokumentacji w wersji 1.1 lub dowolnej późniejszej opublikowanej przez Free Software Foundation; bez Sekcji Niezmiennych, bez Tekstu na Przedniej Okładce i bez Tekstu na Tylnej Okładce. Egzemplarz licencji dostępny jest pod tym <ulink type="help" url="help:fdl">odnośnikiem</ulink> oraz w pliku COPYING-DOCS rozprowadzanym z niniejszym podręcznikiem.</para>
         <para>Ten podręcznik jest częścią kolekcji podręczników użytkownika GNOME rozprowadzanych na zasadach GFDL. Jeśli chcesz rozpowszechniać ten podręcznik w odłączeniu od kolekcji, możesz to zrobić dodając kopię licencji do podręcznika, jak wyjaśniono to w sekcji 6. licencji.</para>

	<para>Nazwy używane przez firmy, by wyróżniać swoje produkty i usługi są zazwyczaj zarejestrowanymi znakami towarowymi. Jeśli występują one w dokumentacji GNOME, w przypadku gdy są znane przez członków Projektu Dokumentacji GNOME, są one napisane wielkimi literami lub zaczynają się od wielkiej litery.</para>

	<para>DOCUMENT AND MODIFIED VERSIONS OF THE DOCUMENT ARE PROVIDED UNDER THE TERMS OF THE GNU FREE DOCUMENTATION LICENSE WITH THE FURTHER UNDERSTANDING THAT: <orderedlist>
		<listitem>
		  <para>DOCUMENT IS PROVIDED ON AN “AS IS” BASIS, WITHOUT WARRANTY OF ANY KIND, EITHER EXPRESSED OR IMPLIED, INCLUDING, WITHOUT LIMITATION, WARRANTIES THAT THE DOCUMENT OR MODIFIED VERSION OF THE DOCUMENT IS FREE OF DEFECTS MERCHANTABLE, FIT FOR A PARTICULAR PURPOSE OR NON-INFRINGING. THE ENTIRE RISK AS TO THE QUALITY, ACCURACY, AND PERFORMANCE OF THE DOCUMENT OR MODIFIED VERSION OF THE DOCUMENT IS WITH YOU. SHOULD ANY DOCUMENT OR MODIFIED VERSION PROVE DEFECTIVE IN ANY RESPECT, YOU (NOT THE INITIAL WRITER, AUTHOR OR ANY CONTRIBUTOR) ASSUME THE COST OF ANY NECESSARY SERVICING, REPAIR OR CORRECTION. THIS DISCLAIMER OF WARRANTY CONSTITUTES AN ESSENTIAL PART OF THIS LICENSE. NO USE OF ANY DOCUMENT OR MODIFIED VERSION OF THE DOCUMENT IS AUTHORIZED HEREUNDER EXCEPT UNDER THIS DISCLAIMER; AND</para>
		</listitem>
		<listitem>
		  <para>UNDER NO CIRCUMSTANCES AND UNDER NO LEGAL THEORY, WHETHER IN TORT (INCLUDING NEGLIGENCE), CONTRACT, OR OTHERWISE, SHALL THE AUTHOR, INITIAL WRITER, ANY CONTRIBUTOR, OR ANY DISTRIBUTOR OF THE DOCUMENT OR MODIFIED VERSION OF THE DOCUMENT, OR ANY SUPPLIER OF ANY OF SUCH PARTIES, BE LIABLE TO ANY PERSON FOR ANY DIRECT, INDIRECT, SPECIAL, INCIDENTAL, OR CONSEQUENTIAL DAMAGES OF ANY CHARACTER INCLUDING, WITHOUT LIMITATION, DAMAGES FOR LOSS OF GOODWILL, WORK STOPPAGE, COMPUTER FAILURE OR MALFUNCTION, OR ANY AND ALL OTHER DAMAGES OR LOSSES ARISING OUT OF OR RELATING TO USE OF THE DOCUMENT AND MODIFIED VERSIONS OF THE DOCUMENT, EVEN IF SUCH PARTY SHALL HAVE BEEN INFORMED OF THE POSSIBILITY OF SUCH DAMAGES.</para>
		</listitem>
	  </orderedlist></para>
  </legalnotice>
