<?xml version="1.0" encoding="utf-8"?>
<legalnotice id="legalnotice">
	<para>Pode copiar, distribuír e modificar este documento baixo os termos da Licenza de Documentación Libre GNU (GFDL) na súa versión 1.1 ou posterior, publicada pola Free Software Foundation, sen seccións invariantes e sen textos de portada ou de contraportada. Pode atopar unha copia da GFDL en <ulink type="help" url="help:fdl">ligazón</ulink> ou no ficheiro COPYING-DOCS distribuído xunto con este manual.</para>
         <para>Este manual é parte da colección de manuais de GNOME distribuidos baixo a licenza GFDL. Se quere distribuír este manual de forma separada da colección pode facelo engadindo unha copia da licenza xunto ao manual, como se describe na sección 6 da licenza.</para>

	<para>Moitos dos nomes usados polas empresas para distinguir os seus produtos e servizos son declaradas como marcas rexistradas. Onde esos nomes aparecen na calquera documentación de GNOME, e os membros do Proxecto de documentación de GNOME fanse saber desas marcas rexistradas, polo tanto os nomes están en maiúsculas ou a letra inicial en maiúsculas.</para>

	<para>DOCUMENT AND MODIFIED VERSIONS OF THE DOCUMENT ARE PROVIDED UNDER THE TERMS OF THE GNU FREE DOCUMENTATION LICENSE WITH THE FURTHER UNDERSTANDING THAT: <orderedlist>
		<listitem>
		  <para>DOCUMENT IS PROVIDED ON AN "AS IS" BASIS, WITHOUT WARRANTY OF ANY KIND, EITHER EXPRESSED OR IMPLIED, INCLUDING, WITHOUT LIMITATION, WARRANTIES THAT THE DOCUMENT OR MODIFIED VERSION OF THE DOCUMENT IS FREE OF DEFECTS MERCHANTABLE, FIT FOR A PARTICULAR PURPOSE OR NON-INFRINGING. THE ENTIRE RISK AS TO THE QUALITY, ACCURACY, AND PERFORMANCE OF THE DOCUMENT OR MODIFIED VERSION OF THE DOCUMENT IS WITH YOU. SHOULD ANY DOCUMENT OR MODIFIED VERSION PROVE DEFECTIVE IN ANY RESPECT, YOU (NOT THE INITIAL WRITER, AUTHOR OR ANY CONTRIBUTOR) ASSUME THE COST OF ANY NECESSARY SERVICING, REPAIR OR CORRECTION. THIS DISCLAIMER OF WARRANTY CONSTITUTES AN ESSENTIAL PART OF THIS LICENSE. NO USE OF ANY DOCUMENT OR MODIFIED VERSION OF THE DOCUMENT IS AUTHORIZED HEREUNDER EXCEPT UNDER THIS DISCLAIMER; AND</para>
		</listitem>
		<listitem>
		  <para>UNDER NO CIRCUMSTANCES AND UNDER NO LEGAL THEORY, WHETHER IN TORT (INCLUDING NEGLIGENCE), CONTRACT, OR OTHERWISE, SHALL THE AUTHOR, INITIAL WRITER, ANY CONTRIBUTOR, OR ANY DISTRIBUTOR OF THE DOCUMENT OR MODIFIED VERSION OF THE DOCUMENT, OR ANY SUPPLIER OF ANY OF SUCH PARTIES, BE LIABLE TO ANY PERSON FOR ANY DIRECT, INDIRECT, SPECIAL, INCIDENTAL, OR CONSEQUENTIAL DAMAGES OF ANY CHARACTER INCLUDING, WITHOUT LIMITATION, DAMAGES FOR LOSS OF GOODWILL, WORK STOPPAGE, COMPUTER FAILURE OR MALFUNCTION, OR ANY AND ALL OTHER DAMAGES OR LOSSES ARISING OUT OF OR RELATING TO USE OF THE DOCUMENT AND MODIFIED VERSIONS OF THE DOCUMENT, EVEN IF SUCH PARTY SHALL HAVE BEEN INFORMED OF THE POSSIBILITY OF SUCH DAMAGES.</para>
		</listitem>
	  </orderedlist></para>
  </legalnotice>
