<?xml version="1.0" encoding="utf-8"?>
<legalnotice id="legalnotice">
	<para>Δίνεται άδεια για αντιγραφή, διανομή και/ή τροποποίηση του εγγράφου υπό τους όρους της Ελεύθερης Άδειας Τεκμηρίωσης GNU (GFDL), Έκδοση 1.1 ή μεταγενέστερη εκδιδόμενη από το Ίδρυμα Ελεύθερου Λογισμικού χωρίς Σταθερά Εδάφια, χωρίς Εξώφυλλα Κειμένου, και χωρίς Οπισθόφυλλα Κειμένου. Μπορείτε να βρείτε ένα αντίγραφο της GFDL σε αυτόν τον <ulink type="help" url="help:fdl">σύνδεσμο</ulink> ή στο αρχείο COPYING-DOCS που διανεμήθηκε με αυτόν τον οδηγό.</para>
         <para>Αυτή η τεκμηρίωση είναι μέρος της συλλογής τεκμηρίωσης του GNOME όπως διανέμεται υπό τους όρους του GFDL. Εάν επιθυμείτε να διανείμετε αυτή την τεκμηρίωση ξεχωριστά από την συλλογή, μπορείτε να το κάνετε εάν η τεκμηρίωση συνοδεύεται από αντίγραφο της άδειας (GFDL) όπως περιγράφεται στον τομέα 6 της άδειας.</para>

	<para>Πολλά από τα ονόματα που χρησιμοποιούνται από εταιρίες για να ξεχωρίσουν τα προϊόντα και τις υπηρεσίες είναι σήματα κατατεθέν. Όπου αυτά τα ονόματα εμφανίζονται στην τεκμηρίωση GNOME, και τα μέλη της ομάδας τεκμηρίωσης GNOME έχουν γνώση αυτών, τότε αυτά αναγράφονται με κεφαλαίους χαρακτήρες ή με αρχικούς κεφαλαίους χαρακτήρες.</para>

	<para>ΤΟ ΈΓΓΡΑΦΟ ΚΑΙ ΤΡΟΠΟΠΟΙΗΜΕΝΕΣ ΕΚΔΟΣΕΙΣ ΑΥΤΟΥ ΠΑΡΕΧΟΝΤΑΙ ΥΠΟ ΤΟΥΣ ΟΡΟΥΣ ΤΗΣ ΑΔΕΙΑΣ GNU FREE DOCUMENTATION ΜΕ ΤΗΝ ΠΕΡΑΙΤΕΡΩ ΔΙΕΥΚΡΙΝΙΣΗ ΟΤΙ: <orderedlist>
		<listitem>
		  <para>Η ΤΕΚΜΗΡΙΩΣΗ ΑΥΤΗ ΠΑΡΕΧΕΤΑΙ "ΩΣ ΕΧΕΙ", ΧΩΡΙΣ ΚΑΜΙΑ ΕΓΓΥΗΣΗ ΟΤΙ ΜΠΟΡΕΙ ΝΑ ΕΞΥΠΗΡΕΤΗΣΕΙ ΚΑΠΟΙΟ ΣΚΟΠΟ Η ΟΤΙ ΕΙΝΑΙ ΧΩΡΙΣ ΣΦΑΛΜΑ. ΟΛΟΚΛΗΡΗ Η ΕΥΘΥΝΗ ΓΙΑ ΤΗΝ ΠΟΙΟΤΗΤΑ, ΑΚΡΙΒΕΙΑ ΚΑΙ ΛΕΙΤΟΥΡΓΙΚΟΤΗΤΑ ΤΗΣ ΤΕΚΜΗΡΙΩΣΗΣ Ή ΠΑΡΑΛΛΑΓΩΝ ΑΥΤΗΣ ΑΝΗΚΕΙ ΣΕ ΕΣΑΣ. ΕΑΝ Η ΤΕΚΜΗΡΙΩΣΗ ΑΥΤΗ Ή ΠΑΡΑΛΛΑΓΗ ΑΥΤΗΣ ΕΙΝΑΙ ΛΑΘΟΣ ΚΑΤΑ ΚΑΠΟΙΟ ΤΡΟΠΟ ΕΣΕΙΣ ΑΝΑΛΑΜΒΑΝΕΤΕ ΤΗΝ ΕΥΘΥΝΗ ΤΗΣ ΔΙΟΡΘΩΣΗΣ. Η ΑΠΑΛΛΑΓΗ ΕΥΘΥΝΗΣ ΠΟΥ ΣΥΝΟΔΕΥΕΙ ΑΥΤΗ ΤΗΝ ΤΕΚΜΗΡΙΩΣΗ ΕΙΝΑΙ ΑΝΑΠΟΣΠΑΣΤΟ ΚΟΜΜΑΤΙ ΑΥΤΗΣ. ΚΑΜΙΑ ΧΡΗΣΗ ΤΗΣ ΤΕΚΜΗΡΙΩΣΗΣ Ή ΠΑΡΑΛΛΑΓΩΝ ΑΥΤΗΣ ΔΕΝ ΕΠΙΤΡΕΠΕΤΑΙ ΠΑΡΑ ΜΟΝΟ ΕΑΝ ΣΥΝΟΔΕΥΕΤΑΙ ΑΠΟ ΤΗΝ ΑΠΑΛΛΑΓΗ ΕΥΘΥΝΗΣ.</para>
		</listitem>
		<listitem>
		  <para>ΣΕ ΚΑΜΙΑ ΠΕΡΙΠΤΩΣΗ ΚΑΙ ΥΠΟ ΚΑΜΙΑ ΝΟΜΙΚΗ ΣΥΝΘΗΚΗ, ΕΙΤΕ ΜΕΣΩ ΣΥΜΒΟΛΑΙΩΝ Ή ΑΛΛΙΩΣ, ΔΕΝ ΕΥΘΥΝΟΝΤΑΙ Ο ΣΥΓΓΡΑΦΕΑΣ, Ο ΔΙΑΝΟΜΕΑΣ, Η ΑΛΛΟΣ ΣΥΝΥΠΕΥΘΥΝΟΣ ΓΙΑ ΤΗΝ ΣΥΓΓΡΑΦΗ ΤΗΣ ΤΕΚΜΗΡΙΩΣΗΣ, ΓΙΑ ΕΜΜΕΣΕΣ Η ΑΜΕΣΕΣ, ΤΥΧΑΙΕΣ Ή ΜΗ ΖΗΜΙΕΣ ΠΑΝΤΩΣ ΦΥΣΕΩΣ ΠΟΥ ΠΡΟΕΡΧΟΝΤΑΙ ΑΠΟ ΤΗΝ ΧΡΗΣΗ ΤΗΣ ΤΕΚΜΗΡΙΩΣΗΣ ΚΑΙ/Ή ΠΑΡΑΛΛΑΓΩΝ ΑΥΤΗΣ ΑΚΟΜΑ ΚΑΙ ΕΑΝ ΕΧΕΙ ΥΠΑΡΞΕΙ ΠΡΟΕΙΔΟΠΟΙΗΣΗ ΓΙΑ ΤΗΝ ΠΙΘΑΝΟΤΗΤΑ ΥΠΑΡΞΗΣ ΤΕΤΟΙΩΝ ΖΗΜΙΩΝ.</para>
		</listitem>
	  </orderedlist></para>
  </legalnotice>
