<?xml version="1.0" encoding="utf-8"?>
<legalnotice id="legalnotice">
	<para>Der gives tilladelse til at kopiere, distribuere og/eller ændre dette dokument under betingelserne i GNU Free Documentation License (GFDL), version 1.1 eller enhver nyere version, udgivet af Free Software Foundation uden invariante afsnit, uden forsidetekster, og uden bagsidetekster. Du kan finde en kopi af GFDL'en her: <ulink type="help" url="help:fdl">link</ulink>, eller i filen COPYING-DOCS der distribueres med denne manual.</para>
         <para>Denne manual er en del af GNOME-manualsamlingen distribueret under GFDL. Hvis du vil distribuere denne manual separat fra denne samling, kan du gøre det ved at tilføje en kopi af licensen til manualen, som beskrevet i sektion 6 af licensen.</para>

	<para>Mange af navnene brugt af firmaer til at skelne deres produkter og tjenester er registrerede varemærker. Der hvor disse navne optræder i GNOME-dokumentationen, og medlemmerne af GNOME-dokumentationsprojektet er blevet gjort opmærksomme på disse varemærker, er navnene skrevet med store bogstaver eller store forbogstaver.</para>

	<para>DETTE DOKUMENT OG MODIFICEREDE VERSIONER GØRES TILGÆNGELIGE UNDER BETINGELSERNE I GNU FREE DOCUMENTATION LICENSE UNDER DEN FORUDSÆTNING AT: <orderedlist>
		<listitem>
		  <para>DETTE DOKUMENT GØRES TILGÆNGELIGT SÅDAN SOM DET ER, UDEN NOGEN FORM FOR GARANTI, HVERKEN UDTALT ELLER ANTYDET, DERIBLANDT, UDEN BEGRÆNSNINGER, GARANTIER OM AT DOKUMENTET ELLER ÆNDREDE VERSIONER AF DOKUMENTET ER FRIT FOR DEFEKTER, PASSENDE TIL ET BESTEMT FORMÅL ELLER IKKE-KRÆNKENDE. DU HÆFTER SELV FOR HELE RISIKOEN VEDRØRENDE KVALITET, KORREKTHED OG YDELSE FOR DOKUMENTET ELLER ÆNDREDE VERSIONER AF DOKUMENTET. SKULLE ET DOKUMENT, ELLER EN ÆNDRET VERSION AF ET DOKUMENT VISE SIG AT VÆRE DEFEKT PÅ EN HVILKEN SOM HELST MÅDE, HÆFTER DU FOR BETALING FOR EVENTUEL NØDVENDIG SERVICE, REPARATION ELLER KORREKTION (OG IKKE HVERKEN DEN OPRINDELIGE FORFATTER, SKRIBENT ELLER NOGEN ANDEN BIDRAGYDER). DENNE ERKLÆRING OM GARANTIFORBEHOLD ER EN ESSENTIEL DEL AF DENNE LICENS. INGEN BRUG AF NOGET DOKUMENT ELLER ÆNDRET VERSION AF DOKUMENTET ER AUTORISERET HERUNDER BORTSET FRA DENNE FORBEHOLDSERKLÆRING; OG</para>
		</listitem>
		<listitem>
		  <para>UNDER INGEN OMSTÆNDIGHEDER OG UNDER INGEN JURIDISK TEORI, UANSET OM DET ER EN BEVIDST SKADENDE HANDLING (INKLUSIVE UFORSVARLIGHED) ELLER PÅ HVILKEN SOM HELST ANDEN MÅDE, KAN FORFATTEREN, SKRIBENT, BIDRAGYDERE, DISTRIBUTØRER ELLER FORSYNER AF DETTE DOKUMENT ELLER MODIFICEREDE VERSIONER GØRES ANSVARLIG OVERFOR NOGEN PERSON FOR NOGEN DIREKTE, INDIREKTE, SPECIEL, TILFÆLDIG ELLER FØLGENDE SKADE PÅFØRT NOGEN INKLUSIVE, UDEN BEGRÆNSNING, SKADE SOM FØLGE AF TAB AF RYGTE, ARBEJDSSTOP, COMPUTER-FEJL ELLER -SVIGT, ELLER ENHVER ANDEN FORM FOR SKADE ELLER TAB SOM ER OPSTÅET I FORBINDELSE MED BRUG AF DETTE DOKUMENT ELLER MODIFICEREDE VERSIONER HERAF, SELV HVIS EN SÅDAN PART HAR VÆRET INFORMERET OM MULIGHEDEN FOR SÅDANNE SKADER.</para>
		</listitem>
	  </orderedlist></para>
  </legalnotice>
