<?xml version="1.0" encoding="utf-8"?>
<legalnotice id="legalnotice">
	<para>Permissão concedida para copiar, distribuir e/ou modificar este documento sob os termos da Licença de Documentação Livre GNU (GNU Free Documentation License), Versão 1.1 ou qualquer versão mais recente publicada pela Free Software Foundation; sem Seções Invariantes, sem Textos de Capa Frontal, e sem Textos de Contracapa. Você pode encontrar uma cópia da licença GFDL no <ulink type="help" url="help:fdl">link</ulink> ou no arquivo COPYING-DOCS distribuído com este manual.</para>
         <para>Este manual é parte da coleção de manuais do GNOME distribuídos sob a GFDL. Se você quiser distribuí-lo separadamente da coleção, você pode fazê-lo adicionando ao manual uma cópia da licença, como descrito na seção 6 da licença.</para>

	<para>Muitos dos nomes usados por empresas para distinguir seus produtos e serviços são reivindicados como marcas registradas. Onde esses nomes aparecem em qualquer documentação do GNOME e os membros do Projeto de Documentação do GNOME estiverem cientes dessas marcas registradas, os nomes aparecerão impressos em letras maiúsculas ou com iniciais em maiúsculas.</para>

	<para>O DOCUMENTO E VERSÕES MODIFICADAS DO DOCUMENTO SÃO FORNECIDOS SOB OS TERMOS DA LICENÇA DE DOCUMENTAÇÃO LIVRE DO GNU COM O ENTENDIMENTO ADICIONAL DE QUE: <orderedlist>
		<listitem>
		  <para>O DOCUMENTO É FORNECIDO NA BASE “COMO ESTÁ”, SEM GARANTIAS DE QUALQUER TIPO, TANTO EXPRESSA OU IMPLÍCITA, INCLUINDO, MAS NÃO LIMITADO A, GARANTIAS DE QUE O DOCUMENTO OU VERSÃO MODIFICADA DO DOCUMENTO SEJA COMERCIALIZÁVEL, LIVRE DE DEFEITOS, PRÓPRIO PARA UM PROPÓSITO ESPECÍFICO OU SEM INFRAÇÕES. TODO O RISCO A RESPEITO DA QUALIDADE, EXATIDÃO, E DESEMPENHO DO DOCUMENTO OU VERSÕES MODIFICADAS DO DOCUMENTO É DE SUA RESPONSABILIDADE. SE ALGUM DOCUMENTO OU VERSÃO MODIFICADA SE PROVAR DEFEITUOSO EM QUALQUER ASPECTO, VOCÊ (NÃO O ESCRITOR INICIAL, AUTOR OU QUALQUER CONTRIBUIDOR) ASSUME O CUSTO DE QUALQUER SERVIÇO NECESSÁRIO, REPARO OU CORREÇÃO. ESSA RENÚNCIA DE GARANTIAS CONSTITUI UMA PARTE ESSENCIAL DESTA LICENÇA. NENHUM USO DESTE DOCUMENTO OU VERSÃO MODIFICADA DESTE DOCUMENTO É AUTORIZADO SE NÃO FOR SOB ESSA RENÚNCIA; E</para>
		</listitem>
		<listitem>
		  <para>SOB NENHUMA CIRCUNSTÂNCIA E SOB NENHUMA TEORIA LEGAL, TANTO EM DANO (INCLUINDO NEGLIGÊNCIA), CONTRATO, OU OUTROS, DEVEM O AUTOR, ESCRITOR INICIAL, QUALQUER CONTRIBUIDOR, OU QUALQUER DISTRIBUIDOR DO DOCUMENTO OU VERSÃO MODIFICADA DO DOCUMENTO, OU QUALQUER FORNECEDOR DE ALGUMA DESSAS PARTES, SER CONSIDERADOS RESPONSÁVEIS A QUALQUER PESSOA POR QUALQUER DANO, SEJA DIRETO, INDIRETO, ESPECIAL, ACIDENTAL OU CONSEQUENCIAL DE QUALQUER INDIVÍDUO, INCLUINDO, MAS NÃO LIMITADO A, DANOS POR PERDA DE BOA VONTADE, TRABALHO PARADO, FALHA OU MAU FUNCIONAMENTO DO COMPUTADOR, OU QUALQUER E TODOS OS OUTROS DANOS OU PERDAS RESULTANTES OU RELACIONADOS AO USO DO DOCUMENTO E VERSÕES MODIFICADAS, MESMO QUE TAL PARTE TENHA SIDO INFORMADA DA POSSIBILIDADE DE TAIS DANOS.</para>
		</listitem>
	  </orderedlist></para>
  </legalnotice>
