<?xml version="1.0" encoding="utf-8"?>
<legalnotice id="legalnotice">
	<para>Je povoleno kopírovat, šířit a/nebo upravovat tento dokument za podmínek GNU Free Documentation License (GFDL) ve verzi 1.1 nebo v jakékoli další verzi vydané nadací Free Software Foundation; bez neměnných oddílů, bez textů předních desek a bez textů zadních desek. Kopii licence GFDL naleznete pod tímto <ulink type="help" url="help:fdl">odkazem</ulink> nebo v souboru COPYING-DOCS dodávaném s touto příručkou.</para>
         <para>Tato příručka je součástí sbírky příruček GNOME šířených za podmínek licence GNU FDL. Pokud chcete tento dokument šířit odděleně od sbírky, musíte přiložit kopii licence dle popisu v oddílu 6 dané licence.</para>

	<para>Mnoho názvů použitých firmami k zviditelnění produktů nebo služeb jsou ochranné známky. Na místech, kde jsou tyto názvy v dokumentaci použity a členové Dokumentačního projektu GNOME jsou si vědomi skutečnosti, že se jedná o ochrannou známku, je takovýto název psán velkými písmeny celý nebo s velkým písmenem na začátku.</para>

	<para>DOKUMENT A JEHO UPRAVENÉ VERZE JSOU ŠÍŘENY V SOULADU SE ZNĚNÍM LICENCE GNU FREE DOCUMENTATION LICENSE S NÁSLEDUJÍCÍM USTANOVENÍM: <orderedlist>
		<listitem>
		  <para>DOKUMENT JE POSKYTOVÁN V PODOBĚ „JAK JE“, BEZ ZÁRUKY JAKÉHOKOLIV DRUHU, NEPOSKYTUJÍ SE ANI ODVOZENÉ ZÁRUKY, ZÁRUKY, ŽE DOKUMENT, NEBO JEHO UPRAVENÁ VERZE, JE BEZCHYBNÝ, NEBO ZÁRUKY PRODEJNOSTI, VHODNOSTI PRO URČITÝ ÚČEL, NEBO NEPORUŠENOSTI. RIZIKO NEKVALITY, NEPŘESNOSTI A ŠPATNÉHO PROVEDENÍ DOKUMENTU, NEBO JEHO UPRAVENÉ VERZE, NESETE VY. POKUD JE TENTO DOKUMENT NEBO JEHO UPRAVENÁ VERZE VADNÁ V JAKÉMKOLIV SMYSLU, VY (NIKOLIV PŮVODCE, AUTOR NEBO JAKÝKOLIV PŘISPĚVATEL) PŘEBÍRÁTE ODPOVĚDNOST ZA JAKÉKOLIV NÁKLADY NA NUTNÉ ÚPRAVY, OPRAVY ČI SLUŽBY. TOTO PROHLÁŠENÍ O ZÁRUCE PŘEDSTAVUJE ZÁKLADNÍ SOUČÁST TÉTO LICENCE. BEZ TOHOTO PROHLÁŠENÍ NENÍ PODLE TÉTO DOHODY POVOLENO UŽÍVÁNÍ ANI ÚPRAVY TOHOTO DOKUMENTU; DÁLE</para>
		</listitem>
		<listitem>
		  <para>ZA ŽÁDNÝCH OKOLNOSTÍ A ŽÁDNÝCH PRÁVNÍCH PŘEDPOKLADŮ, AŤ SE JEDNÁ O PŘEČIN (VČETNĚ NEDBALOSTNÍCH), SMLOUVU NEBO JINÉ, NENÍ AUTOR, PŮVODNÍ PISATEL, KTERÝKOLIV PŘISPĚVATEL NEBO KTERÝKOLIV DISTRIBUTOR TOHOTO DOKUMENTU NEBO UPRAVENÉ VERZE DOKUMENTU NEBO KTERÝKOLIV DODAVATEL NĚKTERÉ Z TĚCHTO STRAN ODPOVĚDNÝ NĚJAKÉ OSOBĚ ZA PŘÍMÉ, NEPŘÍMÉ, SPECIÁLNÍ, NAHODILÉ NEBO NÁSLEDNÉ ŠKODY JAKÉHOKOLIV CHARAKTERU, VČETNĚ, ALE NEJEN, ZA POŠKOZENÍ ZE ZTRÁTY DOBRÉHO JMÉNA, PŘERUŠENÍ PRÁCE, PORUCHY NEBO NESPRÁVNÉ FUNKCE POČÍTAČE NEBO JINÉHO A VŠECH DALŠÍCH ŠKOD NEBO ZTRÁT VYVSTÁVAJÍCÍCH Z NEBO VZTAHUJÍCÍCH SE K POUŽÍVÁNÍ TOHOTO DOKUMENTU NEBO UPRAVENÝCH VERZÍ DOKUMENTU, I KDYŽ BY TAKOVÁTO STRANA BYLA INFORMOVANÁ O MOŽNOSTI TAKOVÉHOTO POŠKOZENÍ.</para>
		</listitem>
	  </orderedlist></para>
  </legalnotice>
