<?xml version="1.0" encoding="utf-8"?>
<legalnotice id="legalnotice">
	<para>Se otorga permiso para copiar, distribuir y/o modificar este documento bajo los términos de la Licencia de Documentación Libre de GNU, Versión 1.1 o cualquier otra versión posterior publicada por la Free Software Foundation; sin Secciones Invariantes ni Textos de Cubierta Delantera ni Textos de Cubierta Trasera. Puede encontrar una copia de la licencia GFDL en este <ulink type="help" url="help:fdl">enlace</ulink> o en el archivo COPYING-DOCS distribuido con este manual.</para>
         <para>Este manual es parte de una colección de manuales de GNOME distribuidos bajo la GFDL. Si desea distribuir este manual separado de la colección, puede hacerlo adjuntando una copia de la licencia al manual, según lo descrito en la sección 6 de la licencia.</para>

	<para>Muchos de los nombres usados por las compañías para distinguir sus productos y servicios son declarados cómo marcas registradas. Donde esos nombres aparecen en cualquier documentación de GNOME, y los miembros del proyecto de documentación GNOME se hacen saber de esas marcas registradas, por tanto los nombres están en mayúsculas o la letra inicial en mayúscula.</para>

	<para>ESTE DOCUMENTO Y LAS VERSIONES MODIFICADAS DEL MISMO SE PROPORCIONAN SEGÚN LAS CONDICIONES ESTABLECIDAS EN LA LICENCIA DE DOCUMENTACIÓN LIBRE DE GNU (GFDL) Y TENIENDO EN CUENTA QUE: <orderedlist>
		<listitem>
		  <para>EL DOCUMENTO SE PROPORCIONA "TAL CUAL", SIN GARANTÍAS DE NINGÚN TIPO, NI EXPRESAS NI IMPLÍCITAS, INCLUYENDO, SIN LIMITACIÓN, CUALQUIER GARANTÍA DE QUE EL DOCUMENTO O UNA VERSIÓN MODIFICADA DEL MISMO CAREZCAN DE DEFECTOS, SEA COMERCIALIZABLE, ADECUADO PARA UNA FINALIDAD DETERMINADA O QUE NO CONSTITUYA NINGUNA INFRACCIÓN. TODO EL RIESGO EN CUANTO A LA CALIDAD, PRECISIÓN Y UTILIDAD DEL DOCUMENTO O DE CUALQUIER VERSIÓN MODIFICADA DEL MISMO LE CORRESPONDE A USTED. EN CASO DE QUE CUALQUIER DOCUMENTO O VERSIÓN MODIFICADA RESULTARA DEFECTUOSO EN CUALQUIER SENTIDO, SERÁ USTED (Y NO EL REDACTOR INICIAL, NI EL AUTOR NI CUALQUIER PERSONA QUE HAYA CONTRIBUIDO) QUIEN ASUMIRÁ EL COSTE DE CUALQUIER SERVICIO TÉCNICO, REPARACIÓN O CORRECCIÓN NECESARIOS. ESTA LIMITACIÓN DE LAS GARANTÍAS CONSTITUYE UNA PARTE ESENCIAL DE ESTA LICENCIA. NO SE AUTORIZA NINGÚN USO DE CUALQUIER DOCUMENTO O VERSIÓN MODIFICADA DEL MISMO SI NO ES CON SUJECIÓN A ESTA LIMITACIÓN DE LAS GARANTÍAS; Y</para>
		</listitem>
		<listitem>
		  <para>EN NINGUNA CIRCUNSTANCIA NI SEGÚN NINGÚN ARGUMENTO LEGAL, SEA POR MOTIVOS CULPOSOS (INCLUIDA LA NEGLIGENCIA), CONTRACTUALES O DE OTRO TIPO, NI EL AUTOR, NI EL REDACTOR INICIAL, NI CUALQUIER COLABORADOR, NI CUALQUIER DISTRIBUIDOR DEL DOCUMENTO O VERSIÓN MODIFICADA DEL MISMO, NI CUALQUIER PROVEEDOR DE CUALQUIERA DE DICHAS PARTES, SERÁN RESPONSABLES, ANTE NINGÚN TERCERO, DE NINGÚN DAÑO O PERJUICIO DIRECTO, INDIRECTO, ESPECIAL, INCIDENTAL O CONSIGUIENTE DE NINGÚN TIPO, INCLUIDOS, SIN LIMITACIÓN, LOS DAÑOS POR PÉRDIDA DE FONDO DE COMERCIO, INTERRUPCIÓN DEL TRABAJO, FALLO O MAL FUNCIONAMIENTO INFORMÁTICO, NI CUALQUIER OTRO DAÑO O PÉRDIDA DERIVADOS DEL USO DEL DOCUMENTO Y LAS VERSIONES MODIFICADAS DEL MISMO, O RELACIONADO CON ELLO, INCLUSO SI SE HABÍA COMUNICADO A AQUELLA PARTE LA POSIBILIDAD DE TALES DAÑOS.</para>
		</listitem>
	  </orderedlist></para>
  </legalnotice>
